module,status,category,file,line
.client,failed,relative_import_issue,sdks/python/oms_event_sdk/__init__.py,8
.client,failed,relative_import_issue,sdks/python/oms_event_sdk_py/__init__.py,8
api.graphql.realtime_publisher,failed,internal_missing,api/graphql/subscriptions.py,15
api.graphql.realtime_publisher,failed,internal_missing,api/graphql/main.py,26
api.graphql.realtime_publisher,failed,internal_missing,api/graphql/websocket_manager.py,13
api.graphql.resolvers,failed,internal_missing,api/graphql/mutation_resolvers.py,10
api.graphql.resolvers,failed,internal_missing,api/graphql/main.py,27
api.graphql.schema,failed,internal_missing,api/graphql/mutation_resolvers.py,11
api.graphql.schema,failed,internal_missing,api/graphql/resolvers.py,13
api.graphql.schema,failed,internal_missing,api/graphql/resolvers.py,643
api.graphql.schema,failed,internal_missing,api/graphql/resolvers.py,1024
api.graphql.schema,failed,internal_missing,api/graphql/resolvers.py,1137
api.graphql.schema,failed,internal_missing,api/graphql/resolvers.py,1372
api.graphql.schema,failed,internal_missing,api/graphql/resolvers.py,1489
api.graphql.schema,failed,internal_missing,api/graphql/resolvers.py,1636
api.graphql.schema,failed,internal_missing,api/graphql/resolvers.py,1749
api.graphql.schema,failed,internal_missing,api/graphql/resolvers.py,723
api.graphql.schema,failed,internal_missing,api/graphql/resolvers.py,801
api.graphql.schema,failed,internal_missing,api/graphql/resolvers.py,873
api.graphql.schema,failed,internal_missing,api/graphql/subscriptions.py,16
api.graphql.subscriptions,failed,internal_missing,api/graphql/resolvers.py,1797
api.graphql.websocket_manager,failed,internal_missing,api/graphql/main.py,28
approvaltests,failed,internal_missing,tests/test_snapshot_serialization.py,12
approvaltests.reporters,failed,internal_missing,tests/test_snapshot_serialization.py,13
apscheduler.events,failed,external_missing,core/scheduler/advanced_scheduler.py,21
apscheduler.executors.asyncio,failed,external_missing,core/scheduler/advanced_scheduler.py,17
apscheduler.jobstores.redis,failed,external_missing,core/scheduler/advanced_scheduler.py,16
apscheduler.schedulers.asyncio,failed,external_missing,core/scheduler/advanced_scheduler.py,15
apscheduler.schedulers.asyncio,failed,external_missing,core/backup/main.py,14
apscheduler.triggers.cron,failed,external_missing,core/scheduler/advanced_scheduler.py,18
apscheduler.triggers.cron,failed,external_missing,core/backup/main.py,15
apscheduler.triggers.date,failed,external_missing,core/scheduler/advanced_scheduler.py,20
apscheduler.triggers.interval,failed,external_missing,core/scheduler/advanced_scheduler.py,19
core.event.publisher,failed,internal_missing,core/history/routes.py,26
core.event_publisher.main_ultimate,failed,internal_missing,outbox.py,196
core.user.service,failed,internal_missing,core/user/routes.py,10
core.user.service,failed,internal_missing,core/user/routes.py,192
core.user.service,failed,internal_missing,core/user/routes.py,232
core.user.service,failed,internal_missing,core/user/routes.py,366
core.user.service,failed,internal_missing,core/user/routes.py,416
core.user.service,failed,internal_missing,core/user/routes.py,456
core.user.service,failed,internal_missing,core/user/routes.py,520
core.user.service,failed,internal_missing,core/user/routes.py,567
core.user.service,failed,internal_missing,core/user/routes.py,620
core.user.service,failed,internal_missing,core/user/routes.py,714
core.user.service,failed,internal_missing,core/history/routes.py,16
croniter,failed,external_missing,core/scheduler/advanced_scheduler.py,14
database.clients.service_client,failed,internal_missing,api/gateway/auth.py,203
grpc_reflection.v1alpha,failed,internal_missing,grpc_services/server.py,13
jsonschema,failed,external_missing,core/validation/schema_validator.py,12
jsonschema,failed,external_missing,core/validation/schema_validator.py,13
minio,failed,external_missing,core/backup/production_backup.py,26
minio,failed,external_missing,core/backup/main.py,18
orjson,failed,external_missing,core/validation/naming_config.py,12
pyotp,failed,external_missing,core/user/service.py,17
shared.audit.audit_logger,failed,internal_missing,core/scheduler/advanced_scheduler.py,29
shared.audit.audit_logger,failed,internal_missing,core/user/service.py,29
shared.config,failed,internal_missing,core/event_publisher/secure_publisher.py,12
sqlalchemy,failed,external_missing,core/user/service.py,18
sqlalchemy,failed,external_missing,core/user/routes.py,455
sqlalchemy,failed,external_missing,core/user/routes.py,713
sqlalchemy.ext.asyncio,failed,external_missing,core/user/service.py,20
sqlalchemy.ext.declarative,failed,external_missing,core/user/service.py,19
sqlalchemy.future,failed,external_missing,core/user/service.py,22
sqlalchemy.future,failed,external_missing,core/user/routes.py,191
sqlalchemy.future,failed,external_missing,core/user/routes.py,231
sqlalchemy.future,failed,external_missing,core/user/routes.py,365
sqlalchemy.future,failed,external_missing,core/user/routes.py,415
sqlalchemy.future,failed,external_missing,core/user/routes.py,454
sqlalchemy.future,failed,external_missing,core/user/routes.py,519
sqlalchemy.future,failed,external_missing,core/user/routes.py,566
sqlalchemy.future,failed,external_missing,core/user/routes.py,619
sqlalchemy.future,failed,external_missing,core/user/routes.py,712
sqlalchemy.orm,failed,external_missing,core/user/service.py,21
sqlalchemy.sql,failed,external_missing,core/user/service.py,23
sqlalchemy.sql,failed,external_missing,core/user/routes.py,724
strawberry,failed,external_missing,api/graphql/mutation_resolvers.py,8
strawberry,failed,external_missing,api/graphql/resolvers.py,9
strawberry,failed,external_missing,api/graphql/subscriptions.py,10
strawberry,failed,external_missing,api/graphql/history_schema.py,7
strawberry,failed,external_missing,api/graphql/schema.py,8
strawberry.fastapi,failed,external_missing,api/graphql/main.py,17
strawberry.types,failed,external_missing,api/graphql/subscriptions.py,11
strawberry.types,failed,external_missing,api/graphql/history_schema.py,8
..event_publisher.cloudevents_enhanced,success,working,core/schema_generator/asyncapi_generator.py,13
..security.pii_handler,success,working,core/event_publisher/secure_publisher.py,11
..security.pii_handler,success,working,core/event_publisher/secure_publisher.py,205
..validation.naming_convention,success,working,core/schema_generator/asyncapi_generator.py,14
.cloudevents_adapter,success,working,core/event_publisher/cloudevents_migration.py,10
.cloudevents_adapter,success,working,core/event_publisher/outbox_processor.py,17
.cloudevents_adapter,success,working,core/event_publisher/enhanced_event_service.py,14
.cloudevents_enhanced,success,working,core/event_publisher/cloudevents_adapter.py,9
.cloudevents_enhanced,success,working,core/event_publisher/cloudevents_migration.py,9
.cloudevents_enhanced,success,working,core/event_publisher/outbox_processor.py,16
.cloudevents_enhanced,success,working,core/event_publisher/models.py,55
.cloudevents_enhanced,success,working,core/event_publisher/multi_platform_router.py,12
.cloudevents_enhanced,success,working,core/event_publisher/enhanced_event_service.py,10
.cloudevents_enhanced,success,working,core/event_publisher/eventbridge_adapter.py,11
.cloudevents_enhanced,success,working,core/event_publisher/secure_publisher.py,9
.cloudevents_enhanced,success,working,core/event_publisher/eventbridge_publisher.py,14
.cloudevents_migration,success,working,core/event_publisher/outbox_processor.py,18
.cloudevents_migration,success,working,core/event_publisher/enhanced_event_service.py,15
.eventbridge_publisher,success,working,core/event_publisher/outbox_processor.py,20
.eventbridge_publisher,success,working,core/event_publisher/multi_platform_router.py,13
.models,success,working,sdks/python/oms_event_sdk/client.py,9
.models,success,working,sdks/python/oms_event_sdk/__init__.py,9
.models,success,working,sdks/python/oms_event_sdk_py/client.py,9
.models,success,working,sdks/python/oms_event_sdk_py/__init__.py,9
.models,success,working,core/action/metadata_service.py,14
.models,success,working,core/action/routes.py,11
.models,success,working,core/event_publisher/cloudevents_adapter.py,8
.models,success,working,core/event_publisher/cloudevents_migration.py,11
.models,success,working,core/event_publisher/multi_platform_router.py,14
.models,success,working,core/event_publisher/enhanced_event_service.py,16
.models,success,working,core/event_publisher/eventbridge_adapter.py,12
.models,success,working,core/event_publisher/eventbridge_publisher.py,15
.models,success,working,core/history/service.py,25
.models,success,working,core/history/routes.py,13
.multi_platform_router,success,working,core/event_publisher/outbox_processor.py,19
.pii_handler,success,working,core/security/__init__.py,6
.retry_strategy,success,working,utils/__init__.py,1
abc,success,working,middleware/three_way_merge.py,18
abc,success,working,middleware/rate_limiter.py,15
abc,success,working,middleware/dlq_handler.py,19
abc,success,working,middleware/circuit_breaker.py,17
abc,success,working,middleware/component_middleware.py,17
abc,success,working,middleware/component_health.py,17
abc,success,working,middleware/event_state_store.py,18
abc,success,working,middleware/service_discovery.py,18
abc,success,working,core/validation/interfaces.py,5
abc,success,working,core/validation/rules/base.py,6
aiohttp,success,working,middleware/component_health.py,22
aiohttp,success,working,middleware/service_discovery.py,23
api.gateway.auth,success,working,api/graphql/resolvers.py,11
api.gateway.auth,success,working,api/graphql/subscriptions.py,13
api.gateway.auth,success,working,api/graphql/main.py,24
api.gateway.auth,success,working,core/history/routes.py,11
api.gateway.models,success,working,api/gateway/rate_limiter.py,10
api.gateway.models,success,working,api/gateway/router.py,13
argparse,success,working,scripts/fix_imports.py,9
argparse,success,working,scripts/list_shims.py,168
argparse,success,working,scripts/generate_shim_doc.py,8
argparse,success,working,infrastructure/aws/eventbridge_rules.py,311
argparse,success,working,infrastructure/aws/eventbridge_setup.py,456
argparse,success,working,infrastructure/aws/cloudwatch_alarms.py,386
argparse,success,working,core/validation/ci_integration.py,6
ast,success,working,scripts/verify_imports.py,9
ast,success,working,scripts/enhanced_import_check.py,8
ast,success,working,core/validation/ci_integration.py,11
ast,success,working,core/validation/tests/test_security.py,298
ast,success,working,core/validation/tests/test_security.py,335
asyncio,success,working,security.py,6
asyncio,success,working,main_enterprise.py,8
asyncio,success,working,test_multiplatform_router.py,5
asyncio,success,working,outbox.py,6
asyncio,success,working,middleware/three_way_merge.py,15
asyncio,success,working,middleware/rate_limiter.py,13
asyncio,success,working,middleware/dlq_handler.py,15
asyncio,success,working,middleware/circuit_breaker.py,15
asyncio,success,working,middleware/component_middleware.py,15
asyncio,success,working,middleware/component_health.py,15
asyncio,success,working,middleware/event_state_store.py,15
asyncio,success,working,middleware/service_discovery.py,15
asyncio,success,working,database/simple_terminus_client.py,5
asyncio,success,working,tests/final_integration_test.py,6
asyncio,success,working,utils/retry_strategy.py,5
asyncio,success,working,grpc_services/server.py,6
asyncio,success,working,api/graphql/subscriptions.py,5
asyncio,success,working,api/graphql/main.py,6
asyncio,success,working,api/graphql/realtime_publisher.py,5
asyncio,success,working,api/graphql/websocket_manager.py,5
asyncio,success,working,api/gateway/circuit_breaker.py,5
asyncio,success,working,api/gateway/router.py,5
asyncio,success,working,shared/clients/secure_http_client.py,6
asyncio,success,working,shared/clients/redis_ha_client.py,6
asyncio,success,working,shared/infrastructure/nats_client.py,4
asyncio,success,working,core/scheduler/advanced_scheduler.py,6
asyncio,success,working,core/user/service.py,6
asyncio,success,working,core/action/service.py,12
asyncio,success,working,core/action/dlq_handler.py,5
asyncio,success,working,core/event_publisher/outbox_processor.py,7
asyncio,success,working,core/event_publisher/multi_platform_router.py,5
asyncio,success,working,core/event_publisher/nats_config.py,210
asyncio,success,working,core/event_publisher/change_detector.py,6
asyncio,success,working,core/event_subscriber/main.py,5
asyncio,success,working,core/backup/production_backup.py,10
asyncio,success,working,core/validation/service.py,6
asyncio,success,working,core/validation/rules/data_impact_analyzer.py,6
asyncio,success,working,database/clients/secure_http_client.py,6
asyncio,success,working,database/clients/redis_ha_client.py,6
asyncpg,success,working,middleware/component_health.py,225
base64,success,working,middleware/dlq_handler.py,28
base64,success,working,middleware/event_state_store.py,30
base64,success,working,core/backup/production_backup.py,11
base64,success,working,core/validation/policy_signing.py,8
boto3,success,working,scripts/production_readiness_check.py,9
boto3,success,working,infrastructure/aws/eventbridge_rules.py,9
boto3,success,working,infrastructure/aws/eventbridge_setup.py,9
boto3,success,working,infrastructure/aws/cloudwatch_alarms.py,9
boto3,success,working,core/event_publisher/eventbridge_publisher.py,11
botocore.exceptions,success,working,infrastructure/aws/eventbridge_rules.py,10
botocore.exceptions,success,working,infrastructure/aws/eventbridge_setup.py,10
botocore.exceptions,success,working,infrastructure/aws/cloudwatch_alarms.py,10
botocore.exceptions,success,working,core/event_publisher/eventbridge_publisher.py,12
collections,success,working,middleware/three_way_merge.py,27
collections,success,working,middleware/rate_limiter.py,16
collections,success,working,middleware/dlq_handler.py,25
collections,success,working,middleware/circuit_breaker.py,23
collections,success,working,middleware/component_middleware.py,26
collections,success,working,middleware/component_health.py,25
collections,success,working,middleware/event_state_store.py,24
collections,success,working,middleware/service_discovery.py,26
collections,success,working,core/validation/migration_planner.py,7
collections,success,working,core/validation/validation_logging.py,13
concurrent,success,working,grpc_services/server.py,9
concurrent.futures,success,working,core/validation/siem_integration.py,16
concurrent.futures,success,working,core/validation/tests/benchmark.py,9
contextlib,success,working,simple_main.py,6
contextlib,success,working,main_enterprise.py,10
contextlib,success,working,main.py,6
contextlib,success,working,api/graphql/main.py,11
contextlib,success,working,shared/clients/service_client.py,9
contextlib,success,working,core/backup/main.py,8
contextlib,success,working,database/clients/service_client.py,9
contextvars,success,working,middleware/rate_limiter.py,22
contextvars,success,working,middleware/circuit_breaker.py,27
contextvars,success,working,middleware/component_middleware.py,22
copy,success,working,middleware/three_way_merge.py,24
copy,success,working,core/security/pii_handler.py,12
core.action.metadata_service,success,working,core/action/service.py,31
core.action.metadata_service,success,working,core/action/routes.py,10
core.branch.conflict_resolver,success,working,main_enterprise.py,93
core.branch.conflict_resolver,success,working,core/branch/service.py,11
core.branch.diff_engine,success,working,main_enterprise.py,92
core.branch.diff_engine,success,working,core/branch/service.py,12
core.branch.merge_strategies,success,working,core/branch/service.py,13
core.branch.models,success,working,tests/final_integration_test.py,212
core.branch.models,success,working,core/branch/service.py,14
core.branch.models,success,working,core/branch/diff_engine.py,9
core.branch.models,success,working,core/branch/conflict_resolver.py,8
core.branch.models,success,working,core/branch/three_way_merge.py,9
core.branch.models,success,working,core/branch/merge_strategies.py,9
core.branch.service,success,working,test_imports.py,41
core.branch.service,success,working,main_enterprise.py,23
core.branch.service,success,working,tests/final_integration_test.py,13
core.branch.service,success,working,grpc_services/server.py,24
core.branch.three_way_merge,success,working,core/branch/service.py,22
core.event_publisher,success,working,core/event_publisher/secure_publisher.py,10
core.event_publisher.cloudevents_adapter,success,working,core/event_publisher/test_cloudevents_manual.py,12
core.event_publisher.cloudevents_adapter,success,working,core/event_publisher/__tests__/enhanced_cloudevents_integration.test.py,18
core.event_publisher.cloudevents_enhanced,success,working,test_asyncapi_generation.py,252
core.event_publisher.cloudevents_enhanced,success,working,test_multiplatform_router.py,14
core.event_publisher.cloudevents_enhanced,success,working,test_cloudevents_simple.py,11
core.event_publisher.cloudevents_enhanced,success,working,infrastructure/aws/eventbridge_rules.py,136
core.event_publisher.cloudevents_enhanced,success,working,core/event_publisher/test_cloudevents_manual.py,9
core.event_publisher.cloudevents_enhanced,success,working,core/event_publisher/__tests__/enhanced_cloudevents_integration.test.py,15
core.event_publisher.cloudevents_migration,success,working,core/event_publisher/test_cloudevents_manual.py,13
core.event_publisher.cloudevents_migration,success,working,core/event_publisher/__tests__/enhanced_cloudevents_integration.test.py,19
core.event_publisher.enhanced_event_service,success,working,main_enterprise.py,28
core.event_publisher.enhanced_event_service,success,working,tests/final_integration_test.py,15
core.event_publisher.enhanced_event_service,success,working,core/event_publisher/test_cloudevents_manual.py,14
core.event_publisher.enhanced_event_service,success,working,core/event_publisher/__tests__/enhanced_cloudevents_integration.test.py,14
core.event_publisher.eventbridge_adapter,success,working,infrastructure/aws/eventbridge_setup.py,118
core.event_publisher.eventbridge_publisher,success,working,test_multiplatform_router.py,17
core.event_publisher.models,success,working,test_multiplatform_router.py,195
core.event_publisher.models,success,working,core/event_publisher/change_detector.py,14
core.event_publisher.multi_platform_router,success,working,test_multiplatform_router.py,18
core.event_publisher.multi_platform_router,success,working,test_multiplatform_router.py,210
core.event_publisher.state_store,success,working,core/event_publisher/change_detector.py,15
core.history.models,success,working,api/graphql/history_schema.py,10
core.history.service,success,working,main_enterprise.py,25
core.schema.service,success,working,test_imports.py,35
core.schema.service,success,working,main_enterprise.py,21
core.schema.service,success,working,tests/final_integration_test.py,12
core.schema.service,success,working,grpc_services/server.py,23
core.schema_generator.asyncapi_generator,success,working,test_asyncapi_generation.py,13
core.schema_generator.graphql_to_asyncapi,success,working,test_asyncapi_generation.py,16
core.schema_generator.sdk_generator,success,working,test_sdk_generation.py,14
core.schema_generator.sdk_generator,success,working,test_sdk_generation.py,45
core.schema_generator.sdk_generator,success,working,test_sdk_generation.py,109
core.validation.input_sanitization,success,working,core/validation/tests/test_security_enhancements.py,21
core.validation.models,success,working,main_enterprise.py,272
core.validation.models,success,working,tests/final_integration_test.py,161
core.validation.models,success,working,core/validation/migration_planner.py,11
core.validation.models,success,working,core/validation/service.py,13
core.validation.models,success,working,core/validation/rules/type_incompatibility.py,9
core.validation.models,success,working,core/validation/rules/primary_key.py,8
core.validation.models,success,working,core/validation/rules/type_change.py,8
core.validation.models,success,working,core/validation/rules/data_type.py,7
core.validation.models,success,working,core/validation/rules/naming_convention_rule.py,9
core.validation.models,success,working,core/validation/rules/data_impact_analyzer.py,12
core.validation.models,success,working,core/validation/rules/primary_key_change.py,10
core.validation.models,success,working,core/validation/rules/required_field.py,10
core.validation.models,success,working,core/validation/rules/shared_property.py,8
core.validation.models,success,working,core/validation/rules/base.py,11
core.validation.models,success,working,core/validation/rules/tests/test_naming_convention_rule.py,9
core.validation.naming_config,success,working,tests/test_naming_history.py,14
core.validation.naming_config,success,working,tests/test_json_serializer.py,13
core.validation.naming_config,success,working,tests/test_advanced_json_features.py,16
core.validation.naming_config,success,working,tests/test_schema_validation.py,17
core.validation.naming_config,success,working,tests/test_snapshot_serialization.py,21
core.validation.naming_config,success,working,tests/test_version_management.py,16
core.validation.naming_config,success,working,tests/test_enum_deserialization.py,13
core.validation.naming_config,success,working,core/validation/ci_integration.py,21
core.validation.naming_config,success,working,core/validation/tests/benchmark.py,18
core.validation.naming_convention,success,working,tests/test_naming_history.py,11
core.validation.naming_convention,success,working,tests/test_json_serializer.py,12
core.validation.naming_convention,success,working,tests/test_json_serializer.py,53
core.validation.naming_convention,success,working,tests/test_json_serializer.py,133
core.validation.naming_convention,success,working,tests/test_advanced_json_features.py,12
core.validation.naming_convention,success,working,tests/test_schema_validation.py,16
core.validation.naming_convention,success,working,tests/test_snapshot_serialization.py,18
core.validation.naming_convention,success,working,tests/test_version_management.py,17
core.validation.naming_convention,success,working,tests/test_enum_deserialization.py,12
core.validation.naming_convention,success,working,core/validation/schema_validator.py,22
core.validation.naming_convention,success,working,core/validation/ci_integration.py,18
core.validation.naming_convention,success,working,core/validation/naming_convention_v2.py,12
core.validation.naming_convention,success,working,core/validation/siem_integration.py,23
core.validation.naming_convention,success,working,core/validation/naming_config.py,17
core.validation.naming_convention,success,working,core/validation/naming_history.py,13
core.validation.naming_convention,success,working,core/validation/tampering_detection.py,15
core.validation.naming_convention,success,working,core/validation/policy_signing.py,19
core.validation.naming_convention,success,working,core/validation/policy_signing.py,480
core.validation.naming_convention,success,working,core/validation/validation_logging.py,15
core.validation.naming_convention,success,working,core/validation/tests/test_naming_edge_cases.py,5
core.validation.naming_convention,success,working,core/validation/tests/test_security.py,7
core.validation.naming_convention,success,working,core/validation/tests/benchmark.py,15
core.validation.naming_convention,success,working,core/validation/tests/test_naming_convention.py,7
core.validation.naming_convention,success,working,core/validation/tests/test_siem_integration.py,23
core.validation.naming_convention,success,working,core/validation/tests/test_case_sensitivity.py,5
core.validation.naming_convention,success,working,core/validation/tests/test_security_enhancements.py,13
core.validation.naming_convention,success,working,core/validation/examples/naming_convention_demo.py,5
core.validation.naming_convention,success,working,core/validation/rules/naming_convention_rule.py,13
core.validation.naming_convention,success,working,core/validation/rules/tests/test_naming_convention_rule.py,12
core.validation.naming_history,success,working,tests/test_naming_history.py,15
core.validation.naming_history,success,working,tests/test_json_serializer.py,14
core.validation.naming_history,success,working,tests/test_snapshot_serialization.py,24
core.validation.naming_history,success,working,tests/test_enum_deserialization.py,14
core.validation.naming_history,success,working,tests/test_enum_deserialization.py,390
core.validation.naming_history,success,working,core/validation/naming_config.py,20
core.validation.policy_signing,success,working,core/validation/tampering_detection.py,16
core.validation.policy_signing,success,working,core/validation/tests/test_security_enhancements.py,16
core.validation.rules.base,success,working,core/validation/rules/type_incompatibility.py,15
core.validation.rules.base,success,working,core/validation/rules/primary_key.py,9
core.validation.rules.base,success,working,core/validation/rules/type_change.py,13
core.validation.rules.base,success,working,core/validation/rules/data_type.py,14
core.validation.rules.base,success,working,core/validation/rules/naming_convention_rule.py,8
core.validation.rules.base,success,working,core/validation/rules/data_impact_analyzer.py,18
core.validation.rules.base,success,working,core/validation/rules/primary_key_change.py,16
core.validation.rules.base,success,working,core/validation/rules/required_field.py,16
core.validation.rules.base,success,working,core/validation/rules/shared_property.py,9
core.validation.rules.data_impact_analyzer,success,working,core/validation/service.py,26
core.validation.rules.naming_convention_rule,success,working,core/validation/rules/tests/test_naming_convention_rule.py,8
core.validation.rules.primary_key_change,success,working,core/validation/service.py,27
core.validation.rules.required_field,success,working,core/validation/service.py,28
core.validation.rules.shared_property,success,working,core/validation/service.py,29
core.validation.rules.type_change,success,working,core/validation/service.py,30
core.validation.rules.type_incompatibility,success,working,core/validation/service.py,31
core.validation.schema_validator,success,working,tests/test_schema_validation.py,11
core.validation.schema_validator,success,working,core/validation/naming_config.py,21
core.validation.service,success,working,test_imports.py,47
core.validation.service,success,working,main_enterprise.py,22
core.validation.service,success,working,tests/final_integration_test.py,14
core.validation.siem_integration,success,working,core/validation/tampering_detection.py,30
core.validation.siem_integration,success,working,core/validation/validation_logging.py,29
core.validation.siem_integration,success,working,core/validation/tests/test_siem_integration.py,13
core.validation.tampering_detection,success,working,core/validation/siem_integration.py,22
core.validation.tampering_detection,success,working,core/validation/tests/test_siem_integration.py,20
core.validation.tampering_detection,success,working,core/validation/tests/test_security_enhancements.py,19
core.validation.validation_logging,success,working,core/validation/siem_integration.py,21
core.validation.validation_logging,success,working,core/validation/tests/test_siem_integration.py,17
core.validation.validation_logging,success,working,core/validation/tests/test_security_enhancements.py,20
core.validation.version_manager,success,working,tests/test_version_management.py,11
core.validation.version_manager,success,working,core/validation/naming_config.py,24
cryptography.fernet,success,working,core/security/pii_handler.py,10
cryptography.fernet,success,working,core/backup/production_backup.py,23
cryptography.hazmat.primitives,success,working,core/backup/production_backup.py,24
cryptography.hazmat.primitives,success,working,core/validation/policy_signing.py,13
cryptography.hazmat.primitives.asymmetric,success,working,core/validation/policy_signing.py,14
cryptography.hazmat.primitives.kdf.pbkdf2,success,working,core/backup/production_backup.py,25
cryptography.hazmat.primitives.serialization,success,working,core/validation/policy_signing.py,15
csv,success,working,scripts/verify_imports.py,13
csv,success,working,scripts/list_shims.py,11
csv,success,working,core/validation/validation_logging.py,569
database.clients,success,working,middleware/service_config.py,14
database.clients,success,working,core/scheduler/advanced_scheduler.py,26
database.clients,success,working,core/user/service.py,25
database.clients.terminus_db,success,working,test_imports.py,21
database.clients.terminus_db,success,working,main_enterprise.py,32
database.clients.terminus_db,success,working,core/branch/service.py,24
database.clients.terminus_db,success,working,core/branch/diff_engine.py,16
database.clients.terminus_db,success,working,core/branch/three_way_merge.py,17
database.clients.terminus_db,success,working,core/branch/merge_strategies.py,13
database.clients.terminus_db,success,working,core/schema/service.py,20
database.clients.terminus_db,success,working,core/action/service.py,21
database.clients.terminus_db,success,working,core/event_publisher/outbox_processor.py,13
database.clients.terminus_db,success,working,core/event_publisher/change_detector.py,16
database.clients.terminus_db,success,working,core/history/service.py,22
database.clients.terminus_db,success,working,core/history/routes.py,25
database.clients.terminus_db,success,working,core/validation/migration_planner.py,18
database.clients.terminus_db,success,working,core/validation/service.py,33
database.clients.terminus_db,success,working,core/validation/rules/required_field.py,17
database.clients.terminus_db_simple,success,working,shared/clients/__init__.py,2
database.clients.terminus_db_simple,success,working,core/action/metadata_service.py,15
database.clients.terminus_db_simple,success,working,database/clients/__init__.py,2
dataclasses,success,working,middleware/three_way_merge.py,19
dataclasses,success,working,middleware/rate_limiter.py,17
dataclasses,success,working,middleware/dlq_handler.py,20
dataclasses,success,working,middleware/service_config.py,9
dataclasses,success,working,middleware/circuit_breaker.py,18
dataclasses,success,working,middleware/component_middleware.py,18
dataclasses,success,working,middleware/component_health.py,18
dataclasses,success,working,middleware/event_state_store.py,19
dataclasses,success,working,middleware/service_discovery.py,19
dataclasses,success,working,api/graphql/realtime_publisher.py,8
dataclasses,success,working,api/graphql/websocket_manager.py,10
dataclasses,success,working,api/gateway/graphql_proxy.py,7
dataclasses,success,working,api/gateway/circuit_breaker.py,8
dataclasses,success,working,sdks/python/oms_event_sdk/client.py,8
dataclasses,success,working,sdks/python/oms_event_sdk_py/client.py,8
dataclasses,success,working,core/security/pii_handler.py,8
dataclasses,success,working,core/scheduler/advanced_scheduler.py,13
dataclasses,success,working,core/action/dlq_handler.py,9
dataclasses,success,working,core/event_publisher/multi_platform_router.py,10
dataclasses,success,working,core/event_publisher/nats_config.py,5
dataclasses,success,working,core/event_publisher/secure_publisher.py,7
dataclasses,success,working,core/schema_generator/sdk_generator.py,9
dataclasses,success,working,core/schema_generator/graphql_to_asyncapi.py,8
dataclasses,success,working,core/schema_generator/asyncapi_generator.py,10
dataclasses,success,working,core/backup/production_backup.py,17
dataclasses,success,working,core/validation/interfaces.py,6
dataclasses,success,working,core/validation/version_manager.py,9
dataclasses,success,working,core/validation/siem_integration.py,15
dataclasses,success,working,core/validation/naming_history.py,11
dataclasses,success,working,core/validation/tests/benchmark.py,13
dataclasses,success,working,core/validation/rules/naming_convention_rule.py,5
dataclasses,success,working,core/validation/rules/data_impact_analyzer.py,8
dataclasses,success,working,core/validation/rules/primary_key_change.py,7
dataclasses,success,working,core/validation/rules/required_field.py,7
datetime,success,working,security.py,10
datetime,success,working,test_multiplatform_router.py,9
datetime,success,working,outbox.py,11
datetime,success,working,test_cloudevents_simple.py,10
datetime,success,working,middleware/three_way_merge.py,20
datetime,success,working,middleware/rate_limiter.py,18
datetime,success,working,middleware/dlq_handler.py,21
datetime,success,working,middleware/circuit_breaker.py,19
datetime,success,working,middleware/component_middleware.py,19
datetime,success,working,middleware/component_health.py,19
datetime,success,working,middleware/event_state_store.py,20
datetime,success,working,middleware/service_discovery.py,20
datetime,success,working,tests/test_naming_history.py,6
datetime,success,working,tests/test_json_serializer.py,8
datetime,success,working,tests/test_advanced_json_features.py,8
datetime,success,working,tests/test_schema_validation.py,9
datetime,success,working,tests/test_snapshot_serialization.py,9
datetime,success,working,tests/final_integration_test.py,11
datetime,success,working,tests/test_version_management.py,8
datetime,success,working,tests/test_structured_logging.py,10
datetime,success,working,tests/test_enum_deserialization.py,8
datetime,success,working,utils/retry_strategy.py,10
datetime,success,working,utils/logger.py,10
datetime,success,working,models/domain.py,16
datetime,success,working,models/domain.py,112
datetime,success,working,models/domain.py,189
datetime,success,working,models/function_types.py,13
datetime,success,working,models/action_types.py,2
datetime,success,working,models/data_types.py,13
datetime,success,working,models/data_types.py,779
datetime,success,working,models/data_types.py,618
datetime,success,working,scripts/list_shims.py,13
datetime,success,working,scripts/generate_shim_doc.py,10
datetime,success,working,scripts/production_readiness_check.py,14
datetime,success,working,api/graphql/history_schema.py,5
datetime,success,working,api/graphql/main.py,12
datetime,success,working,api/graphql/schema.py,4
datetime,success,working,api/gateway/models.py,5
datetime,success,working,api/gateway/rate_limiter.py,7
datetime,success,working,api/gateway/router.py,7
datetime,success,working,shared/models/domain.py,16
datetime,success,working,shared/models/domain.py,112
datetime,success,working,shared/models/domain.py,189
datetime,success,working,shared/models/function_types.py,13
datetime,success,working,shared/models/action_types.py,2
datetime,success,working,shared/models/data_types.py,13
datetime,success,working,shared/models/data_types.py,779
datetime,success,working,shared/models/data_types.py,618
datetime,success,working,sdks/python/oms_event_sdk/models.py,8
datetime,success,working,sdks/python/oms_event_sdk_py/models.py,8
datetime,success,working,core/branch/service.py,8
datetime,success,working,core/branch/models.py,5
datetime,success,working,core/branch/merge_strategies.py,6
datetime,success,working,core/scheduler/advanced_scheduler.py,10
datetime,success,working,core/user/service.py,10
datetime,success,working,core/schema/service.py,17
datetime,success,working,core/action/service.py,9
datetime,success,working,core/action/models.py,5
datetime,success,working,core/action/dlq_handler.py,10
datetime,success,working,core/action/metadata_service.py,9
datetime,success,working,core/action/metadata_service.py,266
datetime,success,working,core/event_publisher/cloudevents_adapter.py,6
datetime,success,working,core/event_publisher/cloudevents_migration.py,7
datetime,success,working,core/event_publisher/outbox_processor.py,10
datetime,success,working,core/event_publisher/models.py,5
datetime,success,working,core/event_publisher/test_cloudevents_manual.py,6
datetime,success,working,core/event_publisher/multi_platform_router.py,7
datetime,success,working,core/event_publisher/enhanced_event_service.py,7
datetime,success,working,core/event_publisher/cloudevents_enhanced.py,6
datetime,success,working,core/event_publisher/eventbridge_adapter.py,7
datetime,success,working,core/event_publisher/change_detector.py,11
datetime,success,working,core/event_publisher/eventbridge_publisher.py,7
datetime,success,working,core/history/service.py,18
datetime,success,working,core/history/models.py,6
datetime,success,working,core/history/routes.py,6
datetime,success,working,core/schema_generator/sdk_generator.py,11
datetime,success,working,core/schema_generator/asyncapi_generator.py,8
datetime,success,working,core/backup/production_backup.py,18
datetime,success,working,core/backup/main.py,9
datetime,success,working,core/validation/migration_planner.py,8
datetime,success,working,core/validation/interfaces.py,7
datetime,success,working,core/validation/service.py,10
datetime,success,working,core/validation/schema_validator.py,9
datetime,success,working,core/validation/version_manager.py,10
datetime,success,working,core/validation/models.py,5
datetime,success,working,core/validation/ci_integration.py,14
datetime,success,working,core/validation/naming_convention_v2.py,8
datetime,success,working,core/validation/siem_integration.py,10
datetime,success,working,core/validation/naming_config.py,6
datetime,success,working,core/validation/naming_history.py,6
datetime,success,working,core/validation/tampering_detection.py,9
datetime,success,working,core/validation/policy_signing.py,10
datetime,success,working,core/validation/naming_convention.py,8
datetime,success,working,core/validation/validation_logging.py,7
datetime,success,working,core/validation/tests/test_siem_integration.py,8
datetime,success,working,core/validation/tests/test_security_enhancements.py,9
datetime,success,working,core/validation/rules/data_impact_analyzer.py,9
datetime,success,working,core/event_publisher/__tests__/enhanced_cloudevents_integration.test.py,7
decimal,success,working,models/data_types.py,14
decimal,success,working,shared/models/data_types.py,14
difflib,success,working,middleware/three_way_merge.py,23
difflib,success,working,core/validation/naming_history.py,10
dns.resolver,success,working,middleware/service_discovery.py,24
enum,success,working,outbox.py,12
enum,success,working,middleware/three_way_merge.py,21
enum,success,working,middleware/rate_limiter.py,19
enum,success,working,middleware/dlq_handler.py,22
enum,success,working,middleware/service_config.py,10
enum,success,working,middleware/circuit_breaker.py,20
enum,success,working,middleware/component_middleware.py,20
enum,success,working,middleware/component_health.py,20
enum,success,working,middleware/event_state_store.py,21
enum,success,working,middleware/service_discovery.py,21
enum,success,working,tests/test_json_serializer.py,10
enum,success,working,tests/test_enum_deserialization.py,10
enum,success,working,utils/retry_strategy.py,11
enum,success,working,utils/logger.py,12
enum,success,working,models/domain.py,17
enum,success,working,models/function_types.py,14
enum,success,working,models/action_types.py,3
enum,success,working,models/data_types.py,15
enum,success,working,api/graphql/realtime_publisher.py,9
enum,success,working,api/graphql/schema.py,5
enum,success,working,api/gateway/models.py,6
enum,success,working,api/gateway/circuit_breaker.py,9
enum,success,working,shared/models/domain.py,17
enum,success,working,shared/models/function_types.py,14
enum,success,working,shared/models/action_types.py,3
enum,success,working,shared/models/data_types.py,15
enum,success,working,sdks/python/oms_event_sdk/models.py,9
enum,success,working,sdks/python/oms_event_sdk_py/models.py,9
enum,success,working,core/branch/models.py,6
enum,success,working,core/security/pii_handler.py,9
enum,success,working,core/scheduler/advanced_scheduler.py,12
enum,success,working,core/user/service.py,12
enum,success,working,core/action/dlq_handler.py,11
enum,success,working,core/event_publisher/multi_platform_router.py,9
enum,success,working,core/event_publisher/cloudevents_enhanced.py,7
enum,success,working,core/history/models.py,7
enum,success,working,core/validation/interfaces.py,8
enum,success,working,core/validation/schema_validator.py,8
enum,success,working,core/validation/version_manager.py,8
enum,success,working,core/validation/models.py,6
enum,success,working,core/validation/naming_convention_v2.py,7
enum,success,working,core/validation/siem_integration.py,13
enum,success,working,core/validation/naming_config.py,9
enum,success,working,core/validation/naming_history.py,8
enum,success,working,core/validation/tampering_detection.py,13
enum,success,working,core/validation/input_sanitization.py,9
enum,success,working,core/validation/policy_signing.py,17
enum,success,working,core/validation/naming_convention.py,6
enum,success,working,core/validation/validation_logging.py,11
fastapi,success,working,simple_main.py,9
fastapi,success,working,security.py,14
fastapi,success,working,main_enterprise.py,13
fastapi,success,working,main.py,10
fastapi,success,working,middleware/rbac_middleware.py,5
fastapi,success,working,api/graphql/main.py,15
fastapi,success,working,api/graphql/websocket_manager.py,9
fastapi,success,working,api/gateway/auth.py,9
fastapi,success,working,api/gateway/auth.py,12
fastapi,success,working,core/user/routes.py,7
fastapi,success,working,core/action/routes.py,5
fastapi,success,working,core/history/routes.py,8
fastapi,success,working,core/backup/main.py,16
fastapi.middleware.cors,success,working,simple_main.py,10
fastapi.middleware.cors,success,working,main_enterprise.py,14
fastapi.middleware.cors,success,working,main.py,11
fastapi.middleware.cors,success,working,api/graphql/main.py,16
fastapi.responses,success,working,middleware/rbac_middleware.py,6
fastapi.responses,success,working,core/history/routes.py,9
fastapi.responses,success,working,core/backup/main.py,17
fastapi.security,success,working,api/gateway/auth.py,13
fastapi.security,success,working,core/user/routes.py,8
functools,success,working,middleware/rate_limiter.py,25
functools,success,working,middleware/circuit_breaker.py,24
functools,success,working,middleware/component_middleware.py,27
functools,success,working,middleware/component_health.py,28
functools,success,working,utils/retry_strategy.py,6
functools,success,working,shared/utils.py,4
gc,success,working,core/validation/tests/benchmark.py,8
graphql,success,working,api/gateway/graphql_proxy.py,11
graphql.language,success,working,api/gateway/graphql_proxy.py,12
grpc,success,working,grpc_services/server.py,12
gzip,success,working,core/backup/production_backup.py,12
hashlib,success,working,outbox.py,7
hashlib,success,working,middleware/three_way_merge.py,25
hashlib,success,working,middleware/rate_limiter.py,24
hashlib,success,working,middleware/dlq_handler.py,18
hashlib,success,working,middleware/component_middleware.py,459
hashlib,success,working,middleware/event_state_store.py,27
hashlib,success,working,middleware/service_discovery.py,31
hashlib,success,working,core/security/pii_handler.py,11
hashlib,success,working,core/user/service.py,7
hashlib,success,working,core/schema/service.py,13
hashlib,success,working,core/backup/production_backup.py,13
hashlib,success,working,core/validation/tampering_detection.py,5
hashlib,success,working,core/validation/policy_signing.py,5
hmac,success,working,core/validation/policy_signing.py,6
html,success,working,core/validation/input_sanitization.py,7
httpx,success,working,database/simple_terminus_client.py,10
httpx,success,working,utils/retry_strategy.py,14
httpx,success,working,api/graphql/resolvers.py,8
httpx,success,working,api/gateway/auth.py,8
httpx,success,working,api/gateway/graphql_proxy.py,10
httpx,success,working,api/gateway/router.py,11
httpx,success,working,shared/clients/secure_http_client.py,11
httpx,success,working,shared/clients/terminus_db.py,14
httpx,success,working,shared/clients/service_client.py,12
httpx,success,working,core/action/service.py,7
httpx,success,working,core/backup/production_backup.py,21
httpx,success,working,core/backup/main.py,12
httpx,success,working,database/clients/secure_http_client.py,11
httpx,success,working,database/clients/terminus_db.py,14
httpx,success,working,database/clients/service_client.py,12
importlib,success,working,tests/test_structured_logging.py,487
importlib,success,working,tests/test_structured_logging.py,497
importlib,success,working,scripts/verify_imports.py,10
importlib.util,success,working,shared/__init__.py,130
importlib.util,success,working,scripts/enhanced_import_check.py,9
inspect,success,working,middleware/component_middleware.py,23
io,success,working,tests/test_structured_logging.py,12
json,success,working,test_asyncapi_generation.py,7
json,success,working,test_multiplatform_router.py,6
json,success,working,test_sdk_generation.py,8
json,success,working,outbox.py,8
json,success,working,test_cloudevents_simple.py,9
json,success,working,middleware/three_way_merge.py,16
json,success,working,middleware/rate_limiter.py,23
json,success,working,middleware/dlq_handler.py,16
json,success,working,middleware/service_config.py,6
json,success,working,middleware/component_middleware.py,460
json,success,working,middleware/component_health.py,26
json,success,working,middleware/event_state_store.py,16
json,success,working,middleware/service_discovery.py,27
json,success,working,database/simple_terminus_client.py,6
json,success,working,tests/test_naming_history.py,9
json,success,working,tests/test_json_serializer.py,6
json,success,working,tests/test_advanced_json_features.py,6
json,success,working,tests/test_schema_validation.py,6
json,success,working,tests/test_snapshot_serialization.py,6
json,success,working,tests/test_version_management.py,6
json,success,working,tests/test_structured_logging.py,6
json,success,working,tests/test_enum_deserialization.py,6
json,success,working,utils/logger.py,5
json,success,working,models/data_types.py,11
json,success,working,scripts/list_shims.py,10
json,success,working,scripts/production_readiness_check.py,8
json,success,working,infrastructure/aws/eventbridge_rules.py,5
json,success,working,infrastructure/aws/eventbridge_setup.py,5
json,success,working,infrastructure/aws/cloudwatch_alarms.py,5
json,success,working,api/graphql/main.py,7
json,success,working,api/graphql/realtime_publisher.py,10
json,success,working,api/graphql/websocket_manager.py,6
json,success,working,api/gateway/auth.py,199
json,success,working,api/gateway/auth.py,212
json,success,working,api/gateway/graphql_proxy.py,5
json,success,working,shared/models/data_types.py,11
json,success,working,core/scheduler/advanced_scheduler.py,7
json,success,working,core/schema/service.py,14
json,success,working,core/action/dlq_handler.py,6
json,success,working,core/event_publisher/cloudevents_adapter.py,95
json,success,working,core/event_publisher/cloudevents_adapter.py,114
json,success,working,core/event_publisher/cloudevents_migration.py,5
json,success,working,core/event_publisher/outbox_processor.py,8
json,success,working,core/event_publisher/test_cloudevents_manual.py,5
json,success,working,core/event_publisher/multi_platform_router.py,351
json,success,working,core/event_publisher/enhanced_event_service.py,5
json,success,working,core/event_publisher/eventbridge_adapter.py,5
json,success,working,core/event_publisher/change_detector.py,7
json,success,working,core/event_publisher/eventbridge_publisher.py,5
json,success,working,core/history/service.py,17
json,success,working,core/schema_generator/sdk_generator.py,5
json,success,working,core/schema_generator/graphql_to_asyncapi.py,684
json,success,working,core/schema_generator/asyncapi_generator.py,5
json,success,working,core/backup/production_backup.py,14
json,success,working,core/backup/main.py,5
json,success,working,core/validation/schema_validator.py,5
json,success,working,core/validation/version_manager.py,5
json,success,working,core/validation/ci_integration.py,7
json,success,working,core/validation/siem_integration.py,5
json,success,working,core/validation/naming_config.py,5
json,success,working,core/validation/naming_history.py,5
json,success,working,core/validation/tampering_detection.py,6
json,success,working,core/validation/policy_signing.py,7
json,success,working,core/validation/validation_logging.py,5
json,success,working,core/validation/tests/benchmark.py,12
json,success,working,core/validation/tests/test_siem_integration.py,5
json,success,working,core/validation/tests/test_security_enhancements.py,5
json,success,working,core/event_publisher/__tests__/enhanced_cloudevents_integration.test.py,6
jwt,success,working,security.py,13
jwt,success,working,api/gateway/auth.py,10
jwt,success,working,core/user/service.py,14
jwt,success,working,core/user/routes.py,288
logging,success,working,simple_main.py,5
logging,success,working,security.py,7
logging,success,working,main_enterprise.py,9
logging,success,working,main.py,5
logging,success,working,outbox.py,9
logging,success,working,middleware/three_way_merge.py,26
logging,success,working,middleware/rate_limiter.py,26
logging,success,working,middleware/dlq_handler.py,26
logging,success,working,middleware/circuit_breaker.py,25
logging,success,working,middleware/component_middleware.py,24
logging,success,working,middleware/component_health.py,27
logging,success,working,middleware/event_state_store.py,25
logging,success,working,middleware/service_discovery.py,29
logging,success,working,database/simple_terminus_client.py,7
logging,success,working,tests/test_structured_logging.py,8
logging,success,working,utils/retry_strategy.py,7
logging,success,working,utils/logger.py,6
logging,success,working,shared/events.py,4
logging,success,working,grpc_services/server.py,7
logging,success,working,infrastructure/aws/eventbridge_rules.py,6
logging,success,working,infrastructure/aws/eventbridge_setup.py,6
logging,success,working,infrastructure/aws/cloudwatch_alarms.py,6
logging,success,working,api/graphql/mutation_resolvers.py,5
logging,success,working,api/graphql/resolvers.py,4
logging,success,working,api/graphql/subscriptions.py,6
logging,success,working,api/graphql/main.py,8
logging,success,working,api/graphql/realtime_publisher.py,6
logging,success,working,api/graphql/websocket_manager.py,7
logging,success,working,api/gateway/rate_limiter.py,5
logging,success,working,api/gateway/graphql_proxy.py,6
logging,success,working,api/gateway/circuit_breaker.py,6
logging,success,working,api/gateway/router.py,6
logging,success,working,shared/clients/secure_http_client.py,7
logging,success,working,shared/clients/terminus_db.py,9
logging,success,working,shared/clients/service_client.py,6
logging,success,working,core/branch/service.py,6
logging,success,working,core/branch/diff_engine.py,6
logging,success,working,core/branch/conflict_resolver.py,5
logging,success,working,core/branch/three_way_merge.py,6
logging,success,working,core/branch/merge_strategies.py,5
logging,success,working,core/security/pii_handler.py,6
logging,success,working,core/schema/service.py,15
logging,success,working,core/action/service.py,6
logging,success,working,core/action/dlq_handler.py,7
logging,success,working,core/action/metadata_service.py,5
logging,success,working,core/action/routes.py,8
logging,success,working,core/event_publisher/state_store.py,5
logging,success,working,core/event_publisher/outbox_processor.py,9
logging,success,working,core/event_publisher/multi_platform_router.py,6
logging,success,working,core/event_publisher/enhanced_event_service.py,6
logging,success,working,core/event_publisher/eventbridge_adapter.py,6
logging,success,working,core/event_publisher/change_detector.py,8
logging,success,working,core/event_publisher/secure_publisher.py,5
logging,success,working,core/event_publisher/eventbridge_publisher.py,6
logging,success,working,core/event_subscriber/main.py,6
logging,success,working,core/schema_generator/sdk_generator.py,7
logging,success,working,core/schema_generator/graphql_to_asyncapi.py,6
logging,success,working,core/schema_generator/asyncapi_generator.py,7
logging,success,working,core/backup/production_backup.py,15
logging,success,working,core/backup/main.py,6
logging,success,working,core/validation/migration_planner.py,5
logging,success,working,core/validation/service.py,7
logging,success,working,core/validation/naming_convention_v2.py,9
logging,success,working,core/validation/siem_integration.py,8
logging,success,working,core/validation/input_sanitization.py,11
logging,success,working,core/validation/naming_convention.py,10
logging,success,working,core/validation/rules/type_incompatibility.py,6
logging,success,working,core/validation/rules/primary_key.py,5
logging,success,working,core/validation/rules/type_change.py,5
logging,success,working,core/validation/rules/data_type.py,4
logging,success,working,core/validation/rules/data_impact_analyzer.py,7
logging,success,working,core/validation/rules/primary_key_change.py,6
logging,success,working,core/validation/rules/required_field.py,6
logging,success,working,core/validation/rules/shared_property.py,5
logging,success,working,core/validation/rules/base.py,5
logging,success,working,database/clients/terminus_db_simple.py,5
logging,success,working,database/clients/secure_http_client.py,7
logging,success,working,database/clients/terminus_db.py,9
logging,success,working,database/clients/service_client.py,6
main,success,working,middleware/service_config.py,687
middleware.rbac_middleware,success,working,api/graphql/main.py,19
models,success,working,grpc_services/server.py,25
models,success,working,core/user/service.py,27
models,success,working,core/user/routes.py,20
models,success,working,core/event_publisher/__tests__/enhanced_cloudevents_integration.test.py,20
models.action_types,success,working,core/schema/service.py,21
models.data_types,success,working,core/schema/service.py,32
models.domain,success,working,tests/final_integration_test.py,16
models.domain,success,working,core/branch/service.py,25
models.domain,success,working,core/schema/service.py,40
models.domain,success,working,core/validation/rules/type_change.py,14
models.function_types,success,working,core/schema/service.py,61
nats,success,working,security.py,135
nats,success,working,core/event_publisher/nats_config.py,7
nats.errors,success,working,security.py,136
nats.js,success,working,core/event_publisher/nats_config.py,8
opentelemetry,success,working,grpc_services/server.py,14
opentelemetry,success,working,shared/clients/terminus_db.py,15
opentelemetry,success,working,database/clients/terminus_db.py,15
opentelemetry.instrumentation.grpc,success,working,grpc_services/server.py,15
os,success,working,test_asyncapi_generation.py,6
os,success,working,security.py,8
os,success,working,test_imports.py,5
os,success,working,test_multiplatform_router.py,7
os,success,working,test_sdk_generation.py,7
os,success,working,test_cloudevents_simple.py,6
os,success,working,middleware/service_config.py,7
os,success,working,database/simple_terminus_client.py,8
os,success,working,tests/final_integration_test.py,8
os,success,working,tests/test_structured_logging.py,7
os,success,working,utils/logger.py,8
os,success,working,shared/__init__.py,127
os,success,working,grpc_services/server.py,8
os,success,working,scripts/fix_imports.py,6
os,success,working,scripts/enhanced_import_check.py,6
os,success,working,scripts/production_readiness_check.py,6
os,success,working,api/graphql/resolvers.py,5
os,success,working,api/graphql/main.py,9
os,success,working,api/gateway/auth.py,5
os,success,working,shared/clients/secure_http_client.py,190
os,success,working,shared/clients/terminus_db.py,10
os,success,working,shared/clients/service_client.py,7
os,success,working,core/security/pii_handler.py,305
os,success,working,core/action/service.py,8
os,success,working,core/action/service.py,18
os,success,working,core/action/metadata_service.py,7
os,success,working,core/event_subscriber/main.py,7
os,success,working,core/backup/production_backup.py,16
os,success,working,core/backup/main.py,7
os,success,working,core/validation/ci_integration.py,9
os,success,working,core/validation/tampering_detection.py,7
os,success,working,core/validation/tampering_detection.py,570
os,success,working,core/validation/validation_logging.py,629
os,success,working,core/validation/tests/test_security.py,299
os,success,working,core/validation/tests/test_security.py,336
os,success,working,core/validation/tests/benchmark.py,7
os,success,working,core/event_publisher/__tests__/enhanced_cloudevents_integration.test.py,11
os,success,working,database/clients/secure_http_client.py,190
os,success,working,database/clients/terminus_db.py,10
os,success,working,database/clients/service_client.py,7
passlib.context,success,working,core/user/service.py,15
pathlib,success,working,test_asyncapi_generation.py,8
pathlib,success,working,test_sdk_generation.py,9
pathlib,success,working,tests/test_naming_history.py,7
pathlib,success,working,tests/test_json_serializer.py,9
pathlib,success,working,tests/test_advanced_json_features.py,9
pathlib,success,working,tests/test_schema_validation.py,8
pathlib,success,working,tests/test_snapshot_serialization.py,8
pathlib,success,working,tests/test_version_management.py,9
pathlib,success,working,tests/test_enum_deserialization.py,9
pathlib,success,working,scripts/verify_imports.py,11
pathlib,success,working,scripts/fix_imports.py,8
pathlib,success,working,scripts/list_shims.py,12
pathlib,success,working,scripts/enhanced_import_check.py,10
pathlib,success,working,scripts/generate_shim_doc.py,11
pathlib,success,working,scripts/production_readiness_check.py,11
pathlib,success,working,core/schema_generator/sdk_generator.py,10
pathlib,success,working,core/schema_generator/graphql_to_asyncapi.py,9
pathlib,success,working,core/schema_generator/asyncapi_generator.py,11
pathlib,success,working,core/validation/schema_validator.py,7
pathlib,success,working,core/validation/version_manager.py,7
pathlib,success,working,core/validation/ci_integration.py,12
pathlib,success,working,core/validation/siem_integration.py,12
pathlib,success,working,core/validation/naming_config.py,8
pathlib,success,working,core/validation/naming_history.py,9
pathlib,success,working,core/validation/tampering_detection.py,11
pathlib,success,working,core/validation/policy_signing.py,12
pathlib,success,working,core/validation/validation_logging.py,9
pathlib,success,working,core/validation/tests/test_security_enhancements.py,8
pickle,success,working,middleware/dlq_handler.py,27
pickle,success,working,middleware/event_state_store.py,28
pickle,success,working,core/scheduler/advanced_scheduler.py,8
prometheus_client,success,working,main_enterprise.py,15
prometheus_client,success,working,main.py,12
prometheus_client,success,working,utils/retry_strategy.py,15
prometheus_client,success,working,grpc_services/server.py,16
prometheus_client,success,working,shared/clients/service_client.py,13
prometheus_client,success,working,core/action/dlq_handler.py,15
prometheus_client,success,working,core/backup/production_backup.py,27
prometheus_client,success,working,core/backup/main.py,19
prometheus_client,success,working,database/clients/service_client.py,13
psutil,success,working,middleware/component_health.py,23
psutil,success,working,core/validation/tests/benchmark.py,6
pydantic,success,working,simple_main.py,11
pydantic,success,working,main.py,13
pydantic,success,working,main.py,169
pydantic,success,working,outbox.py,15
pydantic,success,working,middleware/service_config.py,12
pydantic,success,working,models/domain.py,20
pydantic,success,working,models/function_types.py,17
pydantic,success,working,models/action_types.py,6
pydantic,success,working,models/data_types.py,18
pydantic,success,working,api/gateway/auth.py,14
pydantic,success,working,api/gateway/models.py,9
pydantic,success,working,shared/models/domain.py,20
pydantic,success,working,shared/models/function_types.py,17
pydantic,success,working,shared/models/action_types.py,6
pydantic,success,working,shared/models/data_types.py,18
pydantic,success,working,sdks/python/oms_event_sdk/models.py,10
pydantic,success,working,sdks/python/oms_event_sdk_py/models.py,10
pydantic,success,working,core/branch/models.py,9
pydantic,success,working,core/user/service.py,16
pydantic,success,working,core/action/models.py,8
pydantic,success,working,core/action/routes.py,6
pydantic,success,working,core/event_publisher/models.py,8
pydantic,success,working,core/event_publisher/cloudevents_enhanced.py,11
pydantic,success,working,core/history/models.py,9
pydantic,success,working,core/validation/schema_validator.py,19
pydantic,success,working,core/validation/models.py,9
pydantic,success,working,core/validation/naming_convention_v2.py,10
pydantic,success,working,core/validation/siem_integration.py,20
pydantic,success,working,core/validation/tampering_detection.py,12
pydantic,success,working,core/validation/input_sanitization.py,10
pydantic,success,working,core/validation/policy_signing.py,16
pydantic,success,working,core/validation/naming_convention.py,9
pydantic,success,working,core/validation/validation_logging.py,10
pydantic,success,working,core/validation/rules/base.py,9
pydantic.json_schema,success,working,core/validation/schema_validator.py,20
pytest,success,working,tests/test_naming_history.py,5
pytest,success,working,tests/test_json_serializer.py,5
pytest,success,working,tests/test_advanced_json_features.py,5
pytest,success,working,tests/test_schema_validation.py,5
pytest,success,working,tests/test_snapshot_serialization.py,5
pytest,success,working,tests/test_version_management.py,5
pytest,success,working,tests/test_structured_logging.py,5
pytest,success,working,tests/test_enum_deserialization.py,5
pytest,success,working,core/validation/tests/test_naming_edge_cases.py,4
pytest,success,working,core/validation/tests/test_security.py,4
pytest,success,working,core/validation/tests/test_naming_convention.py,5
pytest,success,working,core/validation/tests/test_siem_integration.py,11
pytest,success,working,core/validation/tests/test_case_sensitivity.py,4
pytest,success,working,core/validation/tests/test_security_enhancements.py,11
pytest,success,working,core/validation/rules/tests/test_naming_convention_rule.py,5
pytest,success,working,core/event_publisher/__tests__/enhanced_cloudevents_integration.test.py,5
queue,success,working,core/validation/siem_integration.py,14
random,success,working,middleware/dlq_handler.py,367
random,success,working,middleware/circuit_breaker.py,26
random,success,working,middleware/service_discovery.py,28
random,success,working,utils/retry_strategy.py,8
random,success,working,api/gateway/router.py,241
random,success,working,core/action/dlq_handler.py,105
re,success,working,middleware/dlq_handler.py,410
re,success,working,middleware/service_config.py,524
re,success,working,models/data_types.py,12
re,success,working,scripts/fix_imports.py,7
re,success,working,scripts/list_shims.py,8
re,success,working,scripts/enhanced_import_check.py,12
re,success,working,scripts/generate_shim_doc.py,9
re,success,working,shared/models/data_types.py,12
re,success,working,core/branch/service.py,83
re,success,working,core/security/pii_handler.py,5
re,success,working,core/schema/service.py,217
re,success,working,core/event_publisher/multi_platform_router.py,202
re,success,working,core/schema_generator/sdk_generator.py,6
re,success,working,core/schema_generator/graphql_to_asyncapi.py,5
re,success,working,core/schema_generator/asyncapi_generator.py,6
re,success,working,core/schema_generator/asyncapi_generator.py,600
re,success,working,core/validation/schema_validator.py,205
re,success,working,core/validation/ci_integration.py,10
re,success,working,core/validation/naming_convention_v2.py,5
re,success,working,core/validation/input_sanitization.py,5
re,success,working,core/validation/naming_convention.py,5
re,success,working,core/validation/tests/test_security.py,6
redis,success,working,shared/clients/redis_ha_client.py,10
redis,success,working,database/clients/redis_ha_client.py,10
redis.asyncio,success,working,main.py,9
redis.asyncio,success,working,middleware/rate_limiter.py,21
redis.asyncio,success,working,middleware/dlq_handler.py,24
redis.asyncio,success,working,middleware/circuit_breaker.py,22
redis.asyncio,success,working,middleware/component_health.py,24
redis.asyncio,success,working,middleware/event_state_store.py,23
redis.asyncio,success,working,middleware/service_discovery.py,25
redis.asyncio,success,working,api/gateway/auth.py,11
redis.asyncio,success,working,core/action/dlq_handler.py,14
redis.asyncio,success,working,core/backup/production_backup.py,22
redis.asyncio,success,working,core/backup/main.py,13
redis.backoff,success,working,shared/clients/redis_ha_client.py,13
redis.backoff,success,working,database/clients/redis_ha_client.py,13
redis.retry,success,working,shared/clients/redis_ha_client.py,14
redis.retry,success,working,database/clients/redis_ha_client.py,14
redis.sentinel,success,working,shared/clients/redis_ha_client.py,11
redis.sentinel,success,working,database/clients/redis_ha_client.py,11
requests,success,working,scripts/production_readiness_check.py,13
requests,success,working,core/validation/siem_integration.py,17
secrets,success,working,core/user/service.py,8
secrets,success,working,core/validation/policy_signing.py,9
setuptools,success,working,sdks/python/setup.py,5
shared,success,working,main_enterprise.py,18
shared.cache.smart_cache,success,working,test_imports.py,15
shared.cache.smart_cache,success,working,main_enterprise.py,35
shared.cache.smart_cache,success,working,core/branch/service.py,23
shared.cache.smart_cache,success,working,core/action/service.py,20
shared.cache.smart_cache,success,working,core/event_publisher/state_store.py,8
shared.cache.smart_cache,success,working,core/validation/service.py,32
shared.database.connection_pool,success,working,shared/clients/terminus_db.py,17
shared.database.connection_pool,success,working,database/clients/terminus_db.py,17
shared.events,success,working,test_imports.py,27
shared.events,success,working,main_enterprise.py,29
shared.events,success,working,shared/__init__.py,79
shared.events,success,working,core/history/service.py,23
shared.events,success,working,core/event_subscriber/main.py,15
shared.events,success,working,core/validation/service.py,34
shared.events.models,success,working,core/schema/service.py,1292
shared.infrastructure.metrics,success,working,core/event_publisher/outbox_processor.py,14
shared.infrastructure.nats_client,success,working,core/action/dlq_handler.py,17
shared.infrastructure.nats_client,success,working,core/event_publisher/outbox_processor.py,15
shared.models.domain,success,working,test_imports.py,55
shared.observability,success,working,middleware/service_config.py,16
shared.observability,success,working,shared/clients/terminus_db.py,22
shared.observability,success,working,core/scheduler/advanced_scheduler.py,28
shared.observability,success,working,core/user/service.py,28
shared.observability,success,working,database/clients/terminus_db.py,22
shared.security.mtls_config,success,working,shared/clients/secure_http_client.py,13
shared.security.mtls_config,success,working,shared/clients/terminus_db.py,23
shared.security.mtls_config,success,working,shared/clients/service_client.py,15
shared.security.mtls_config,success,working,database/clients/secure_http_client.py,13
shared.security.mtls_config,success,working,database/clients/terminus_db.py,23
shared.security.mtls_config,success,working,database/clients/service_client.py,15
shared.utils,success,working,shared/clients/terminus_db.py,24
shared.utils,success,working,core/backup/production_backup.py,29
shared.utils,success,working,database/clients/terminus_db.py,24
signal,success,working,core/event_subscriber/main.py,8
socket,success,working,middleware/component_health.py,29
socket,success,working,middleware/service_discovery.py,16
socket,success,working,core/validation/siem_integration.py,7
ssl,success,working,security.py,9
ssl,success,working,shared/clients/terminus_db.py,11
ssl,success,working,database/clients/terminus_db.py,11
statistics,success,working,core/validation/tests/benchmark.py,11
structlog,success,working,shared/clients/redis_ha_client.py,12
structlog,success,working,database/clients/redis_ha_client.py,12
subprocess,success,working,scripts/generate_shim_doc.py,12
subprocess,success,working,scripts/production_readiness_check.py,10
subprocess,success,working,core/validation/ci_integration.py,16
sys,success,working,test_asyncapi_generation.py,5
sys,success,working,test_imports.py,4
sys,success,working,test_multiplatform_router.py,8
sys,success,working,test_sdk_generation.py,6
sys,success,working,test_cloudevents_simple.py,5
sys,success,working,tests/final_integration_test.py,7
sys,success,working,tests/test_structured_logging.py,93
sys,success,working,utils/logger.py,7
sys,success,working,shared/__init__.py,20
sys,success,working,scripts/verify_imports.py,12
sys,success,working,scripts/list_shims.py,9
sys,success,working,scripts/enhanced_import_check.py,7
sys,success,working,scripts/production_readiness_check.py,7
sys,success,working,api/graphql/main.py,10
sys,success,working,core/action/service.py,17
sys,success,working,core/action/metadata_service.py,6
sys,success,working,core/event_subscriber/main.py,9
sys,success,working,core/validation/ci_integration.py,8
sys,success,working,core/event_publisher/__tests__/enhanced_cloudevents_integration.test.py,10
tempfile,success,working,tests/test_naming_history.py,8
tempfile,success,working,tests/test_json_serializer.py,7
tempfile,success,working,tests/test_advanced_json_features.py,7
tempfile,success,working,tests/test_schema_validation.py,7
tempfile,success,working,tests/test_snapshot_serialization.py,7
tempfile,success,working,tests/test_version_management.py,7
tempfile,success,working,tests/test_structured_logging.py,9
tempfile,success,working,tests/test_enum_deserialization.py,7
tempfile,success,working,core/validation/tests/test_siem_integration.py,6
tempfile,success,working,core/validation/tests/test_security_enhancements.py,6
threading,success,working,core/validation/siem_integration.py,9
threading,success,working,core/validation/validation_logging.py,12
time,success,working,middleware/three_way_merge.py,17
time,success,working,middleware/rate_limiter.py,14
time,success,working,middleware/dlq_handler.py,17
time,success,working,middleware/circuit_breaker.py,16
time,success,working,middleware/component_middleware.py,16
time,success,working,middleware/component_health.py,16
time,success,working,middleware/event_state_store.py,17
time,success,working,middleware/service_discovery.py,17
time,success,working,tests/test_advanced_json_features.py,487
time,success,working,tests/test_structured_logging.py,607
time,success,working,utils/retry_strategy.py,9
time,success,working,utils/logger.py,9
time,success,working,api/graphql/realtime_publisher.py,11
time,success,working,api/graphql/websocket_manager.py,11
time,success,working,api/gateway/rate_limiter.py,6
time,success,working,api/gateway/circuit_breaker.py,7
time,success,working,shared/clients/secure_http_client.py,8
time,success,working,shared/clients/redis_ha_client.py,7
time,success,working,shared/clients/service_client.py,8
time,success,working,core/branch/service.py,512
time,success,working,core/event_publisher/change_detector.py,9
time,success,working,core/validation/service.py,8
time,success,working,core/validation/siem_integration.py,6
time,success,working,core/validation/tampering_detection.py,8
time,success,working,core/validation/tests/test_security.py,5
time,success,working,core/validation/tests/benchmark.py,5
time,success,working,core/validation/tests/test_naming_convention.py,6
time,success,working,core/validation/tests/test_siem_integration.py,7
time,success,working,core/validation/tests/test_case_sensitivity.py,165
time,success,working,core/validation/tests/test_security_enhancements.py,7
time,success,working,core/validation/examples/naming_convention_demo.py,83
time,success,working,database/clients/secure_http_client.py,8
time,success,working,database/clients/redis_ha_client.py,7
time,success,working,database/clients/service_client.py,8
traceback,success,working,test_asyncapi_generation.py,51
traceback,success,working,test_asyncapi_generation.py,176
traceback,success,working,test_asyncapi_generation.py,235
traceback,success,working,test_asyncapi_generation.py,290
traceback,success,working,test_multiplatform_router.py,266
traceback,success,working,test_sdk_generation.py,78
traceback,success,working,test_sdk_generation.py,140
traceback,success,working,test_sdk_generation.py,182
traceback,success,working,test_sdk_generation.py,256
traceback,success,working,test_sdk_generation.py,316
traceback,success,working,test_cloudevents_simple.py,188
traceback,success,working,middleware/component_middleware.py,25
traceback,success,working,core/action/dlq_handler.py,8
traceback,success,working,core/event_publisher/test_cloudevents_manual.py,225
types,success,working,shared/__init__.py,21
typing,success,working,simple_main.py,7
typing,success,working,security.py,11
typing,success,working,main_enterprise.py,11
typing,success,working,main.py,7
typing,success,working,outbox.py,13
typing,success,working,middleware/three_way_merge.py,22
typing,success,working,middleware/rate_limiter.py,20
typing,success,working,middleware/dlq_handler.py,23
typing,success,working,middleware/service_config.py,8
typing,success,working,middleware/circuit_breaker.py,21
typing,success,working,middleware/rbac_middleware.py,4
typing,success,working,middleware/component_middleware.py,21
typing,success,working,middleware/component_health.py,21
typing,success,working,middleware/event_state_store.py,22
typing,success,working,middleware/service_discovery.py,22
typing,success,working,database/simple_terminus_client.py,9
typing,success,working,utils/retry_strategy.py,12
typing,success,working,utils/logger.py,11
typing,success,working,shared/events.py,5
typing,success,working,shared/utils.py,5
typing,success,working,models/domain.py,18
typing,success,working,models/function_types.py,15
typing,success,working,models/action_types.py,4
typing,success,working,models/data_types.py,16
typing,success,working,grpc_services/server.py,10
typing,success,working,scripts/verify_imports.py,14
typing,success,working,scripts/fix_imports.py,10
typing,success,working,scripts/list_shims.py,14
typing,success,working,scripts/enhanced_import_check.py,11
typing,success,working,scripts/production_readiness_check.py,12
typing,success,working,infrastructure/aws/eventbridge_rules.py,7
typing,success,working,infrastructure/aws/eventbridge_setup.py,7
typing,success,working,infrastructure/aws/cloudwatch_alarms.py,7
typing,success,working,api/graphql/mutation_resolvers.py,6
typing,success,working,api/graphql/resolvers.py,6
typing,success,working,api/graphql/subscriptions.py,8
typing,success,working,api/graphql/history_schema.py,6
typing,success,working,api/graphql/main.py,13
typing,success,working,api/graphql/realtime_publisher.py,7
typing,success,working,api/graphql/schema.py,6
typing,success,working,api/graphql/websocket_manager.py,8
typing,success,working,api/gateway/auth.py,6
typing,success,working,api/gateway/models.py,7
typing,success,working,api/gateway/rate_limiter.py,8
typing,success,working,api/gateway/graphql_proxy.py,8
typing,success,working,api/gateway/circuit_breaker.py,10
typing,success,working,api/gateway/router.py,8
typing,success,working,shared/clients/secure_http_client.py,9
typing,success,working,shared/clients/redis_ha_client.py,8
typing,success,working,shared/clients/terminus_db.py,12
typing,success,working,shared/clients/service_client.py,10
typing,success,working,shared/models/domain.py,18
typing,success,working,shared/models/function_types.py,15
typing,success,working,shared/models/action_types.py,4
typing,success,working,shared/models/data_types.py,16
typing,success,working,shared/infrastructure/nats_client.py,5
typing,success,working,sdks/python/oms_event_sdk/models.py,7
typing,success,working,sdks/python/oms_event_sdk/client.py,7
typing,success,working,sdks/python/oms_event_sdk_py/models.py,7
typing,success,working,sdks/python/oms_event_sdk_py/client.py,7
typing,success,working,core/branch/service.py,9
typing,success,working,core/branch/diff_engine.py,7
typing,success,working,core/branch/conflict_resolver.py,6
typing,success,working,core/branch/models.py,7
typing,success,working,core/branch/three_way_merge.py,7
typing,success,working,core/branch/merge_strategies.py,7
typing,success,working,core/security/pii_handler.py,7
typing,success,working,core/scheduler/advanced_scheduler.py,11
typing,success,working,core/user/service.py,11
typing,success,working,core/user/routes.py,6
typing,success,working,core/schema/service.py,18
typing,success,working,core/action/service.py,10
typing,success,working,core/action/models.py,6
typing,success,working,core/action/dlq_handler.py,12
typing,success,working,core/action/metadata_service.py,8
typing,success,working,core/action/routes.py,7
typing,success,working,core/event_publisher/cloudevents_adapter.py,5
typing,success,working,core/event_publisher/cloudevents_migration.py,6
typing,success,working,core/event_publisher/state_store.py,6
typing,success,working,core/event_publisher/outbox_processor.py,11
typing,success,working,core/event_publisher/models.py,6
typing,success,working,core/event_publisher/multi_platform_router.py,8
typing,success,working,core/event_publisher/enhanced_event_service.py,8
typing,success,working,core/event_publisher/cloudevents_enhanced.py,8
typing,success,working,core/event_publisher/eventbridge_adapter.py,8
typing,success,working,core/event_publisher/nats_config.py,6
typing,success,working,core/event_publisher/change_detector.py,12
typing,success,working,core/event_publisher/secure_publisher.py,6
typing,success,working,core/event_publisher/eventbridge_publisher.py,8
typing,success,working,core/history/service.py,19
typing,success,working,core/history/models.py,8
typing,success,working,core/history/routes.py,7
typing,success,working,core/event_subscriber/main.py,10
typing,success,working,core/schema_generator/sdk_generator.py,8
typing,success,working,core/schema_generator/graphql_to_asyncapi.py,7
typing,success,working,core/schema_generator/asyncapi_generator.py,9
typing,success,working,core/backup/production_backup.py,19
typing,success,working,core/backup/main.py,10
typing,success,working,core/validation/migration_planner.py,9
typing,success,working,core/validation/interfaces.py,9
typing,success,working,core/validation/service.py,11
typing,success,working,core/validation/schema_validator.py,6
typing,success,working,core/validation/version_manager.py,6
typing,success,working,core/validation/models.py,7
typing,success,working,core/validation/ci_integration.py,13
typing,success,working,core/validation/naming_convention_v2.py,6
typing,success,working,core/validation/siem_integration.py,11
typing,success,working,core/validation/naming_config.py,7
typing,success,working,core/validation/naming_history.py,7
typing,success,working,core/validation/tampering_detection.py,10
typing,success,working,core/validation/input_sanitization.py,8
typing,success,working,core/validation/policy_signing.py,11
typing,success,working,core/validation/naming_convention.py,7
typing,success,working,core/validation/validation_logging.py,8
typing,success,working,core/validation/tests/benchmark.py,10
typing,success,working,core/validation/rules/type_incompatibility.py,7
typing,success,working,core/validation/rules/primary_key.py,6
typing,success,working,core/validation/rules/type_change.py,6
typing,success,working,core/validation/rules/data_type.py,5
typing,success,working,core/validation/rules/naming_convention_rule.py,6
typing,success,working,core/validation/rules/data_impact_analyzer.py,10
typing,success,working,core/validation/rules/primary_key_change.py,8
typing,success,working,core/validation/rules/required_field.py,8
typing,success,working,core/validation/rules/shared_property.py,6
typing,success,working,core/validation/rules/base.py,7
typing,success,working,database/clients/terminus_db_simple.py,6
typing,success,working,database/clients/secure_http_client.py,9
typing,success,working,database/clients/redis_ha_client.py,8
typing,success,working,database/clients/terminus_db.py,12
typing,success,working,database/clients/service_client.py,10
unicodedata,success,working,core/validation/input_sanitization.py,6
unittest.mock,success,working,tests/test_advanced_json_features.py,10
unittest.mock,success,working,tests/test_structured_logging.py,11
unittest.mock,success,working,core/validation/tests/test_siem_integration.py,9
unittest.mock,success,working,core/validation/rules/tests/test_naming_convention_rule.py,6
unittest.mock,success,working,core/event_publisher/__tests__/enhanced_cloudevents_integration.test.py,8
urllib.parse,success,working,security.py,183
urllib.parse,success,working,middleware/service_discovery.py,30
urllib.parse,success,working,api/gateway/router.py,9
urllib.parse,success,working,core/event_publisher/cloudevents_enhanced.py,9
urllib.parse,success,working,core/event_publisher/eventbridge_adapter.py,9
urllib.parse,success,working,core/event_publisher/eventbridge_publisher.py,9
utils,success,working,middleware/service_config.py,15
utils,success,working,grpc_services/server.py,26
utils,success,working,core/scheduler/advanced_scheduler.py,27
utils,success,working,core/user/service.py,26
utils,success,working,core/user/routes.py,21
utils.logger,success,working,tests/final_integration_test.py,20
utils.logger,success,working,tests/test_structured_logging.py,14
utils.logger,success,working,tests/test_structured_logging.py,488
utils.logger,success,working,tests/test_structured_logging.py,498
utils.logger,success,working,core/history/service.py,24
utils.logger,success,working,core/history/routes.py,12
utils.logger,success,working,core/validation/schema_validator.py,26
utils.logger,success,working,core/validation/version_manager.py,12
utils.logger,success,working,core/validation/siem_integration.py,24
utils.logger,success,working,core/validation/naming_config.py,28
utils.logger,success,working,core/validation/naming_history.py,16
utils.logger,success,working,core/validation/tampering_detection.py,17
utils.logger,success,working,core/validation/policy_signing.py,20
utils.logger,success,working,core/validation/validation_logging.py,16
utils.logger,success,working,core/validation/rules/naming_convention_rule.py,16
uuid,success,working,outbox.py,10
uuid,success,working,middleware/three_way_merge.py,692
uuid,success,working,middleware/dlq_handler.py,676
uuid,success,working,middleware/component_middleware.py,357
uuid,success,working,middleware/component_middleware.py,362
uuid,success,working,middleware/event_state_store.py,26
uuid,success,working,api/graphql/subscriptions.py,7
uuid,success,working,sdks/python/oms_event_sdk/models.py,11
uuid,success,working,sdks/python/oms_event_sdk_py/models.py,11
uuid,success,working,core/branch/service.py,7
uuid,success,working,core/scheduler/advanced_scheduler.py,9
uuid,success,working,core/user/service.py,9
uuid,success,working,core/schema/service.py,16
uuid,success,working,core/event_publisher/cloudevents_migration.py,229
uuid,success,working,core/event_publisher/cloudevents_enhanced.py,5
uuid,success,working,core/event_publisher/change_detector.py,10
uuid,success,working,core/history/service.py,20
uuid,success,working,core/validation/migration_planner.py,6
uuid,success,working,core/validation/service.py,9
uuid,success,working,core/validation/siem_integration.py,18
uuid,success,working,core/validation/tampering_detection.py,421
uuid,success,working,core/validation/validation_logging.py,6
uvicorn,success,working,simple_main.py,176
uvicorn,success,working,main_enterprise.py,350
uvicorn,success,working,main.py,406
uvicorn,success,working,api/graphql/main.py,294
xml.etree.ElementTree,success,working,core/validation/ci_integration.py,15
yaml,success,working,middleware/service_config.py,11
zlib,success,working,middleware/dlq_handler.py,29
zlib,success,working,middleware/event_state_store.py,29
